"Proportion.of.Data.Culled","Success.Rate"
0.95,0.6
0.9,0.8
0.85,0.8
0.8,1
0.75,0.6
0.7,0.8
0.65,0.8
0.6,1
0.55,1
0.5,1
0.45,0.8
0.4,0.8
0.35,0.8
0.3,0.8
0.25,0.6
0.2,0.8
0.15,0.6
0.0999999999999999,0.6
0.0499999999999999,0.6
0,0.8
